CSP2 FAILURE TYPE,MINE,ORE TYPE,DAM TYPE,DAM FILL MATERIAL,DAM HEIGHT in meters,"STORAGE VOLUME
cu. Meters",ICOLD TYPE,ICOLD INCIDENT TYPE,ICOLD INCIDENT NUMBER,INCIDENT YEAR,INCIDENT DATE,"RELEASE
(cu. meters)",RUNOUT km,DEATHS,SOURCES,NOTES,DEPOSIT TYPE,ORE TYPE,Resources  Mtonnes,Cu grade,Au grade in ppm,CuEq,1st Prod,Est Mill through-put to event Mtonnes,Adverse Minerals
,as of: 22Aug16,,,,,,,,,,,,,,,,,,,,ORE DEPOSIT DATA,,,,
1,"Xiangjiang Wanji Aluminum , China",Al,,,,,1A-SI,1,-,2016,8/Aug/16,"2,000,000",,,"AGU Landslide Blog 15Aug16, az-china.com 11Aug16","The southwest corner of its red-mud dam body was unsound, threatening a red-mud slide.  Around 7pm on 8th of August, Xiangjiang Wanji Aluminium’s red mud storage had a landslide accident. It has been reported that the dam held about 2 million cubic meters of red mud and was about 1.5km in length. (http://blogs.agu.org/landslideblog/2016/08/15/luoyang-1/) Xiangjiang Wanji Aluminium is a private alumina refinery ... established in 2005 ... annual capacity is 1.2 million tonnes of alumina. (http://az-china.com/archives/7980#)",,Al,,,,,,,
1,"Fundao-Santarem (Germano), Minas Gerais, Brazil (Samarco = Vale & BHP)",Fe,US,MW,90,"55,000,000",1A-ST,1,-,2015,5-nov-15,"32,000,000",637,19,"The Australian, 16Nov15, 9Jan16; Sydney Morning Herald, 14Nov15; Do the right Thing, Samarco, December 15, 2015; www.mining.com, 8Jan16","The Fundão dam breached and its tailings impacted the nearby Santarém dam and caused a partial erosion of its right shoulder.  The Selinha dike, one of the side walls of the Germano dam, was also damaged.  19 people killed, including 14 working on the dams at the time.  Waste discharge reached the Atlantic Ocean.",,Fe,,,,,,,
5,"Gold King Mine, near Silverton, Colorado",Au,N/A,N/A,N/A,,3B-ST,3,-,2015,5/Aug/15,"11,356",,,USEPA,"Summary Report, EPA Internal Review of the August 5, 2015 Gold King Mine Blowout, August 24, 2015.  On August 5, 2015, there was a release of approximately 3,000,000 gallons of mine wastewater from the Gold King Mine near Silverton, CO.",,Au,,,,,,,
4,"Yellow Giant Mine, Banks Island, British Columbia, Canada",Au,,,,,2A-ST,2,-,2015,25-jun-15,240,1,,Vancouver Sun,"Effluent and mine waste leaked from a pair of underground mine sites, including from a “non-engineered” containment berm and a concrete plug at an old underground site. Discharge reached the ocean through a creek, several beaver-dam-created wetlands and Banks Lake before entering the ocean at Surrey Bay. (Vancouver Sun, 27Jul15) (""Pollution spill at Yellow Giant gold mine sparks investigation by Environment Canada,"" Hoekstra, Vancouver 29Jul15)",,Au,,,,,,,
2,"Herculano Iron Mine, Itabirite, Minas Gerais, Brazil",Fe,,,,,1A-U,1,-,2014,10-sep-14,,,3,WISE,"A large amount of waste was released on top of vehicles and workers. A truck driver, a bulldozer with operator and a Fiat Uno with the driver were all buried. ""Tailings dam failure kills three workers,"" Mining.com, September 12, 2014.",,Fe,,,,,,,
3,"Buenavista del Cobre mine, Cananea, Sonora, Mexico (Grupo Mexico)",Cu,,,,,1A-U,1,-,2014,7/Aug/14,"40,000",,,WISE,"Southern Copper Corp. (Grupo México) Flow into the 420km-long Bacanuchi river waterway, a tributary of the Sonora River, directly affecting 800,000 people ",PCD,Cu,10000,0.5,,0.5,,1000,Py
1,"Imperial Metals, Mt Polley, British Columbia, Canada",Cu Au,MCL,MW,40,"74,000,000",1A-FN,1,-,2014,4/Aug/14,"23,600,000",7,,Expert Panel Report,"Report on Mount Polley Tailings Storage Facility Breach, Independent Expert Engineering Investigation and Review Panel, Province of British Columbia, January 30, 2015; Imperial Metals 2015 Annual Report",PCD,Cu Au,507,0.28,0.29,0.512607128,2005,56.3628125,Py
2,"Dan River Steam Station, North Carolina (Duke Energy)",Coal,,,,"155,000,000",1A-ST,1,-,2014,2-feb-14,"334,000",,,"WISE, Caldwell 2014","Collapse of an old drainage pipe under a 27-acre ash waste pond.  Ash flowing through drainage pipe into Dan River. Tailings Facility Failures in 2013/2014, Caldwell, 4Nov14",,Coal,,,,,,,
3,"Zangezur Copper Molybdenum Combine, Armenia",Cu Mo,,,,,2A-U,2,-,2013,15-nov-13,,,,"WISE, Green Program","Cronimet Mining AG. Tailings pipeline damage, tailings flowing into Norashenik River for several days (http://www.thegreenprogram.org/slopedoc2.html)",,Cu Mo,,,,,,,
2,"Obed Mountain Coal Mine Alberta, Canada",Coal,,,,,1B-U,1,-,2013,31-oct-13,"670,000",>113,,"WISE; Caldwell, 2014","Sherritt International. Breach of wall in containment pond. Plume of slurry containing fine coal particles, clay and heavy metals into the Apetowun und Plate creeks and eventually the Athabasca River. $52.2 million Set aside by Sheritt for cleanup (2013 Annual Report).  Tailings Facility Failures in 2013/2014, Caldwell, 4Nov14",,Coal,,,,,,,
3,"Casa Berardi Mine, La Sarre, Abitibi region, Quebec (Hecla Mining Company)",Au,,,,,1B-OT,1,-,2013,may-13,"57,000",,,Caldwell 2014,"Breach of an internal tailings dyke which resulted in a surge of liquids and suspended solids over the external tailings dyke. Tailings Facility Failures in 2013/2014, Caldwell, 4Nov14",,Au,,,,,,,
2,Gullbridge Mine Newfoundland,Cu,DS,E,7,,1B-SI,1,-,2012,17/Dec/12,"100,000",,,"WISE, Caldwell 2013","At 7:45 am on Monday December 17, the tailings dam at the former Gullbridge copper mine, central Newfoundland failed while work was under way to stabilize it. The failure resulted in a breach of the 7 m high dam approximately 25 m wide. The dam was impounding mine tailings that were partially covered by water forming a tailings pond.",,Cu,,,,,,,
2,"Sotkamo, Kainuu Province, Finland (Talvivaara)",Ni U,,,,,1A-SE,1,-,2012,4-nov-12,"240,000",,,WISE,"Talvivaara Mining Company Plc  Leak from gypsum pond through a ""funnel-shaped hole."" Nickel and zinc concentrations in nearby Snow River exceeded the values that are harmful to organisms tenfold or even a hundredfold, uranium concentrations more than tenfold. Heap-leach operation; leakage form gypsum pond also occured in 8 April 2013 (4th leak since 2008); after restarting operations, the gypsum leaked again on 21 May 2013",,Ni U,,,,,,,
1,"Padcal No 3, Benquet Philippines (Philex)",Cu,,,,"102,000,000",1A-OT,1,-,2012,2/Aug/12,"13,000,000",,,NASSA & CCCP,"20.6 million tonnes released due to heavy rains.  The Balog and Agno River are heavily polluted. ""CSOs release results of independent investigation on Philex's tailings spill,"" NASSA & CCCP press release, 2 October 2012",PCD,Cu,590,0.3,0.35,0.58073274,1958,325,Py
3,"Hudson Bay (HB) Mine, Salmo, British Columbia (Regional District of Central Kootenay & Teck)",Pb Zn,,,,"1,800,000",1B-SE,1,-,2012,11-jul-12,nil,,,"Nelson Star, 9Jul12","A sinkhole in the dam at the  the HB mine site south of Salmo has been determined as the primary cause of the slough that threatened the stability of the tailings pond last week.  Heavy rainfall throughout the month of June was a contributing factor to some seepage and the initial slough. The Regional District of Central Kootenay purchased the six-hectare tailings area in 1998 as part of their central landfill area. ""Sinkhole to blame for slough at mine site near Salmo,"" Nelson Star, 9Jul12.",,Pb Zn,,,,,,,
3,Johson Gold Mining Corporation at Baranggay Bangong-Bayan,Au,,,,,1A-ER,1,-,2012,13/Apr/12,,,,"Mambulaoans Worldwide Buzz, 2012",Cyanide-laden mine tailings destroyed 10 houses. (http://mambulaoansworldwidebuzz.blogspot.com/2012/04/friday-13th-disaster-gold-miners_21.html),,Au,,,,,,,
3,"Mianyang City, Songpan County, Sichuan Province, China",Mn,,,,,1A-OT,1,-,2011,21-jul-11,"10,000",,,Future Directions Intl.,"Heavy rain on July 20 led the managers of the electrolytic manganese metal plant to release water from its tailing dams into the Fujiang River, which provides drinking water to Sichuan’s second largest city - (http://www.futuredirections.org.au/publications/food-and-water-crises/28-global-food-and-water-crises-swa/176-chinese-city-of-4-million-left-dry-as-pollution-contaminates-water.html)",,Mn,,,,,,,
2,"Bloom Lake, Newfoundland, Canada (Cleveland Cliffs)",Fe,,,,,1A-U,1,-,2011,may-11,"200,000",,,"Globe and Mail, December 25, 2014",Cliffs' Bloom Lake mine hit with record $7.5-million environmental fine,,Fe,,,,,,,
1,"Ajka Alumina Plant, Kolontár, Hungary (MAL Magyar Aluminum)",Al,DS,Compacted Fly Ash,,"30,000,000",1A-SE,1,-,2010,4-oct-10,"1,000,000",,10,"Kolontár Report, WISE, Zanbak 2010","The Kolontar Report (https://www.google.com/?gws_rd=ssl#q=kolontar+hungary+disaster), 10 people dead and almost 150 injured, about 1,000 acres of polluted land.  8 square kilometres flooded, including several towns.  Failure Mechanism and Kinematics of the Ajka Tailings Pond, Hungary, C. Zanbak, 10 December 2010",,Al,,,,,,,
1,"Zijin Mining, Xinyi Yinyan Tin Mine, Guangdong Province, China",Sn,,,,,1A-OT,1,-,2010,21-sep-10,,,22,"Zijin Mining Group;  Fry et al, 2012","Gaoqiling tailing pool dam at Qianpai Town, Xinyi City, Guangdong. Yinyan Tin Mine Dam Failure, Zijin Mining Group, 27Dec10, (https://www.regjeringen.no/contentassets/e7016c9a7430498e8c583a533dd1ca15/rec_zijin_2012_eng.pdf, http://www.facing-finance.org/en/database/cases/zijin-mining-collapse-of-tailing-dam-kills-22-destroys-houses/)",,Sn,,,,,,,
4,"Zijin Mining, Zijinshan Gold & Copper Mine, (Ting River)",Au Cu,,,,,3A-U,3,-,2010,16-jul-10,500,,,Zijin Mining Group,"Transfer tank used to dispose waste water for heap leach emergency leaked, Progress relating to the environmental incident concerning a sudden leakage of the waste water pond at the Zijinshan Copper Mine hydro-metallurgical plant, Zijin Mining Group, 16Jul10 (https://www.regjeringen.no/contentassets/e7016c9a7430498e8c583a533dd1ca15/rec_zijin_2012_eng.pdf)",,Au Cu,,,,,,,
3,"Zijin Mining, Zijinshan Gold & Copper Mine, (Ting River)",Au Cu,,,,,2A-U,2,-,2010,3-jul-10,"9,100",,,Zijin Mining Group,"Heap Leach pond break, Social Responsibility Report of 2010, Zijin Mining Group Co., Ltd., Department of Investment Securities of Zijin Mining Group, 31Mar11 (https://www.regjeringen.no/contentassets/e7016c9a7430498e8c583a533dd1ca15/rec_zijin_2012_eng.pdf);",,Au Cu,,,,,,,
3,"Huancavelica, Peru, Unidad Minera Caudalosa Chica","Ag, Cu, Pb, Zn",,,10,,1A-SE,1,-,2010,25-jun-10,"21,420",110,,"WISE, McLemore et al, 2014","Contamination of río Escalera and río Opamayo 110 km downstream.  See Sampling and Monitoring for the Mine Life Cycle
edited by McLemore, Virginia T., Smith, Kathleen S., Russell, Carol C. Russell, SME, 2014",,"Ag, Cu, Pb, Zn",,,,,,,
3,"Unidad Minera Caudalosa Chica, Huancavelica, Peru",,,,,,1B-U,1,-,2010,25-jun-10,"21,420",110,,WISE,Contamination of río Escalera and río Opamayo 110 km downstream ,,0,,,,,,,
3,"Tranque Adosado Planta Alhué, Alhué, Region Metropolitana, Chile",,DS,,15,,1A-EQ,1,-,2010,27-feb-10,,,,Villavicencio,"Intraplate earthquake Mw = 8.8, R = 252 km, slope 4.5:1, slope instability with seismically induced deformations",,0,,,,,,,
3,"Las Palmas, Pencahue, VII Region, Maule, Chile (COMINOR)",,,,15,,1B-EQ,1,-,2010,27-feb-10,,0.5,4,Villavicencio,"Intraplate earthquake Mw = 8.8, 80% of total volume estimated lost, overtopping with ?ow failure",,0,,,,,,,
3,"Tranque Planta Chacón, Cachapoal, VI Region, Rancagua, Chile",,,,,,1B-EQ,1,-,2010,27-feb-10,,,,Villavicencio,"Intraplate earthquake Mw = 8.8, slope 1.8:1, slope instability with seismically induced deformations",,0,,,,,,,
3,"Veta del Agua Tranque No. 5, Nogales, V Region, Valparaíso, Chile",Cu,US,,,,1B-EQ,1,-,2010,27-feb-10,"80,000",0.1,,Villavicencio,"Intraplate earthquake Mw = 8.8, slope 1.4:1, slope instability with seismically induced deformations",,Cu,,,,,,,
3,"Tranque Adosado Planta Alhué, Alhué, Region Metropolitana, Chile (Florida Mining)",,US,,,,1B-EQ,1,-,2010,27-feb-10,,,,Villavicencio,"Intraplate earthquake Mw = 8.8, 80% of total volume estimated lost, slope 1.2:1, slope instability with seismically induced deformations",,0,,,,,,,
1,"Karamken, Magadan Region, Russia (cyanide-leach processing facility of gold mines in the region)",Au,,,20,,1A-U,1, - ,2009,29/Aug/09,"1,200,000",,1,"WISE, MACE","11 houses lost, 1 death (Karamken Update - MACE 2012-02-10); shutdown in 1990s; bad design, bad construction, no maintenance led to groundwater contamination prior to failure; ",Vein,Au,,,,,1978,,
2,"Huayuan County, Xiangxi Autonomous Prefecture, Hunan Province, China",Mn,,,,,1A-U,1, - ,2009,14-may-09,"50,000",,3,WISE,"3 killed, 4 injured",,Mn,,,,,,,
1,"Kingston fossil plant, Harriman, Tennessee, USA (TVA)",Coal,,,,,1A-U,1, - ,2008,22/Dec/08,"4,100,000",4.1,,WISE,5.4 million cubic yards (1.09 billion gallons) of fly ash was released (http://www.sourcewatch.org/index.php?title=TVA_Kingston_Fossil_Plant_coal_ash_spill#TVA_Reaction),Strat,Coal,,,,,1955,,
1,"Taoshi, Linfen City, Xiangfen county, Shanxi province, China (Tahsan Mining Co.)",Fe,US,,50.7,"290,000",1B-U,1, - ,2008,8-sep-08,"190,000",2.5,277,WISE,"At least 254 dead and 35 injured; mine not operating - claimed that state-owned company ""sealed"" TSF",,Fe,,,,,,,
3,"Glebe Mines, UK",F,,E,,,1B-OT,1, - ,2007,22/Jan/07,"20,000",,,HSE Report,"Flourspar mine.  Initial Report of the HSE investigation into the Glebe Mines Stony Middleton dam failure 2007, HSE Central Division - Nottingham, UK, 23Feb07",,F,,,,,,,
1,"Mineracao Rio Pomba Cataguases, Mirai, Minas Gerais, Brazil, Mineração (Industrias Quimicas Cataguases)",Al,,,,,1A-OT,1, - ,2007,10/Jan/07,"2,000,000",,,WISE,The mud flow left about 4000 residents of the cities of Miraí and Muriaé in the Zona da Mata homeless. Crops and pastures were destroyed and the water supply was compromised in cities in the states of Minas Gerais and Rio de Janeiro. ,Laterite (Bauxite),Al,,,,,,,
3,"Fonte Santa ,Freixia De Espado a Cinta, Potugal",?,DS,E,12,,2B-OT,2, - ,2006,27-nov-06,"93,940",17.5,,"Duque, 2011","Reconstitution of the failure of the Fonte Santa mine tailings dam. Modelling of the dam breaching process. Marta AC Duque, New University of Lisbon, Master of Civil Engineering Structures and Geotechnics thesis, July 2011",,?,,,,,,,
4,"Nchanga, Chingola, Zambia (Konkola Copper Mines - Vedanta)",Cu,,,,,3,3, - ,2006,6-nov-06,,,,WISE,"Konkola Copper Mines Plc (51% Vedanta Resources plc)  Failure of tailings slurry pipeline from Nchanga tailings leaching plant to Muntimpa tailings dumps. Release of highly acidic tailings into Kafue river; high concentrations of copper, manganese, cobalt in river water; drinking water supply of downstream communities shut down.",SSC,Cu,1100,2.16,,3.6,1939,135,Co
2,"Miliang, Zhen'an County, Shangluo, Shaanxi Province, China",Au,,,,,1A-U,1, - ,2006,30/Apr/06,,5,17,WISE,"The landslide buried about 40 rooms of nine households, leaving 17 residents missing. Five injured people were taken to hospital. More than 130 local residents have been evacuated. Toxic potassium cyanide was released into the Huashui river, contaminating it approx. 5 km downstream. ",,Au,,,,,,,
2,"Mineracao Rio Pomba Cataguases, Mirai, Minas Gerais, Brazil, Mineração (Industrias Quimicas Cataguases)",Al,,,,,1A-U,1, - ,2006,mar-06,"400,000",,,Brazil Magazine,"In March 2006, a leaking (sic) let 400 million liters (400,000 m3) of muddy water escape making its way to Rio de Janeiro. ""Brazilian Rains Kill Dozens and Broken Dam Leaves, Thousands Without Shelter ,"" José Wilson Miranda , Brazzil Magazine, 11 January 2007  The mud flow left about 4000 residents of the cities of Miraí and Muriaé in the Zona da Mata homeless. Crops and pastures were destroyed and the water supply was compromised in cities in the states of Minas Gerais and Rio de Janeiro; company was cited for a TSF infraction in 2006",Laterite (Bauxite),Al,,,,,,,
3,"Bangs Lake, Jackson County, Mississippi, USA (Mississippi Phosphates Corp)",P,,,,,,3, - ,2005,14/Apr/05,"64,350",,,WISE,"Mississippi Phosphates Corp. Phosphogypsum stack failure, because the company was trying to increase the capacity of the pond at a faster rate than normal, according to Officials with the Mississippi Department of Environmental Quality (the company has blamed the spill on unusually heavy rainfall, though). Liquid poured into adjacent marsh lands, causing vegetation to die.",Strat,P,,,,,,,
3,"Pinchi Lake, BC, Canada (Teck Cominco Ltd.)",Hg,WR,E,12,,2A-ER,2, - ,2004,30-nov-04," 6,000-8,000 ",,,WISE,Mercury contaminated tailings into Pinchi Lake; operated 1940-43 and 1968-1975 by Cominco,Vein-Strat,Hg,1.1,,,,1940,,
2,"Riverview, Florida, USA",P,,,,,3,3, - ,2004,5-sep-04,"227,000",,,WISE,A dike at the top of a 100-foot-high gypsum stack holding 150-million gallons of polluted water broke after waves driven by Hurricane Frances bashed the dike's southwest corner. Liquid spilled into Archie Creek that leads to Hillsborough Bay.,Strat,P,,,,,,,
2,"Partizansk, Primorski Krai, Russia (Dalenergo)",Coal,Ring,,,"20,000,000",1A-U,1, - ,2004,22-may-04,"160,000",,,WISE,"A ring dike, enclosing an area of roughly 1 km2 and holding roughly 20 million cubic meters of coal ash, broke. The break left a hole roughly 50 meter wide in the dam. The ash flowed through a drainage canal into a tributary to the Partizanskaya River which empties in to Nahodka Bay in Primorski Krai (east of Vladivostok).  For details download Sept. 2004 report by Paul Robinson, SRIC.",Strat,Coal,,,,,,,
3,"Malvési, Aude, France (Comurhex, Cogéma/Areva)",U,,,,,1A-U,1, - ,2004,20-mar-04,"30,000",,,WISE,Uranium slurries elevated nitrate in river. Decantation and evaporation pond of uranium conversion plant dam failure after heavy rain in preceding year. the release led to elevated nitrate concentrations of up to 170 mg/L in the canal of Tauran for several weeks.,,U,,,,,,,
2,"Cerro Negro, near Santiago, Chile, (5 of 5)",Cu,US,T,,,1A-ER,1, - ,2003,3-oct-03,"80,000",20,,"WISE, Villavicencio",Tailings flowed 20 kilometers downstream the río La Ligua.,,Cu,,,,,,,
2,"Sasa Mine, Macedonia",Pb-Zn,,,,"2,000,000",1A-ST,1, - ,2003,30/Aug/03," 70,000-100,000 ",12,,"Vrhovnik et al, 2011; Vrhovnik et al, 2013; Peck, 2007","Culvert failure under Sasa Mine Tailings Dam. (Avoiding tailings dam failures, Good practice in prevention, Philip Peck, UNEP GRID Arendal and IIIEE at Lund University, Workshop on the safety of Tailings Management Facilities, November 12, 2007, Yerevan, Armenia); Tailings dam break with waste flowing into Lake Kalimanci 12 km from mine. (http://www.geologija-revija.si/dokument.aspx?id=1229); The Occurrence of Heavy Metals and Metalloids in Surficial Lake Sediments before and after a Tailings Dam Failure, Petra Vrhovnik, Tadej Dolenec, Todor Serafimovski, Matej Dolenec, Nastja Rogan Šmuc, Pol. J. Environ. Stud. Vol. 22, No. 5 (2013), 1525-1538 (http://www.pjoes.com/pdf/22.5/Pol.J.Environ.Stud.Vol.22.No.5.1525-1538.pdf)",,Pb-Zn,,,,,,,
1,"Mineracao Rio Pomba Cataguases, Mirai, Minas Gerais, Brazil, Mineração (Industrias Quimicas Cataguases)",Al,,,,,1A-U,1, - ,2003,2003,"1,200,000",,,Brazil Magazine,"1.2 billion liters (1.2 million m3) of toxic water was poured out into the Pomba and Paraíba do Sul rivers. ""Brazilian Rains Kill Dozens and Broken Dam Leaves, Thousands Without Shelter ,"" José Wilson Miranda , Brazzil Magazine, 11 January 2007",Laterite (Bauxite),Al,,,,,,,
3,"El Cobre, Chile - El Soldado (Exxon)",Cu,US,T,,,1B-OT,1, - ,2002,8-nov-02,"4,500",,,Villavicencio,Strong rains and over?ow,HT Manto,Cu,580,1.1,,1.1,19th c,200,Py
3,"El Cobre, Chile, 2, 3, 4, 5 (Exxon)",Cu,US,T,,,1B-OT,1, - ,2002,22-sep-02,"8,000",,,Villavicencio,Strong rains and over?ow,HT Manto,Cu,580,1.1,,1.1,19th c,200,Py
1,"San Marcelino Zambales, Philippines, Bayarong dam (Benguet Corp-Dizon Copper-Silver Mines Inc)",Cu Au,,,,"47,000,000",1B-OT,1, - ,2002,11-sep-02," >1,000,000? ",,,"WISE, Piplinks",Dizon Copper Silver Mines Inc. Spillway of Bayarong tailings dam collapsed and Camalca tailings dam damaged during heavy rain. Low lying villages flooded with mine waste; 250 families evacuated; mined ceased operations in 1997,PCD,Cu Au,187,0.36,0.93,1.105946996,1980,97,Py
3,"San Marcelino Zambales, Philippines, Camalca dam (Benguet Corp-Dizon Copper-Silver Mines)",Cu Au,,,,,1B-OT,1, - ,2002,27/Aug/02,,,,"WISE, Piplinks","Heavy rains impounded water on the Bayarong tailings dam and Camalca silt dam, and spillways, eroding these and eventually causing leak. Some tailings spilled into Mapanuepe Lake and eventually into the Sto. Tomas River.  ",PCD,Cu Au,187,0.36,0.93,1.105946996,1980,97,Py
3,"Tarkwa, Ghana (Goldfields)",Au,,,,,,,,2001,16-oct-01,,,,Environmental New Service,"http://www.corpwatch.org/article.php?id=744  (accessed 1Jul16)  This is possibly a larger failure, but no additional details are available.",,Au,,,,,,,
2,"Sebastião das Águas Claras, Nova Lima district, Minas Gerais, Brazil",Fe,,,,,1A-U,1, - ,2001,22-jun-01,,8,2,WISE,"2 killed, 3 missing. Taililngs 8 km downstream the Córrego Taquaras stream, mud affected an area of 30 hectares",Strat,Fe,,,,,,,
1,"Nandan Tin mine, Dachang, Guangxi",Sn,,,,,1A-U,1,,2000,18-oct-00,,,28,"Wei, WISE","WISE:15 killed, 100 missing, 100 houses destroyed",,Sn,,,,,,,"Py, Asp, Ga"
1,"Inez, Martin County, Kentucky, USA (Massey Energy subsidiary Martin Co. Coal Corp)",Coal,,,,,1A-U,1,Table 1,2000,11-oct-00,"1,068,500",120,,"ICOLD, WISE","Estimated 250 million gallons (950,000 m3) of water and 155,000 cubic yards (118,500 m3) of coal waste into local streams 80' deep over a 15-18' crown pillar; $46M for cleanup, $3.5M in state fines; since this event, 22 impoundment spills attributed to Massey-operated sites through2010 (Wheeling Jesuit Univ.)",,Coal,,,,,,,
1,"Aitik mine, near Gällivare, Sweden (Boliden Ltd)",Cu,DS,MW & E,15,"15,000,000",1A-ER,1,Table 1,2000,8-sep-00,"1,800,000",5.2,,"ICOLD, WISE","Failure at containment wall separating tailings pond from decant pond, which caused a 1.3m rise I nwater level. Discharge was controlled and only increase in suspended solids in the Leipojoki and Sakajoki Rivers was reported. https://pure.ltu.se/portal/files/96533586/Numerical_analysis_of_staged_construction_of_an_upstream_tailings_dam.pdf",PCD,Cu,1340,0.4,0.2,0.560418709,1968,317,Py
3,"Borsa, Romania (Remin S.A - govt)",Pb Zn,,,,,1A-U,1,Table 1,2000,10-mar-00,"9,140",,,WISE,"22,000 t of heavy-metal contaminated tailings, contamination of the Vaser stream, tributary of the Tisza River. Company: Remin SA",,Pb Zn,,,,,,,Py
1,"Baia Mare, Romania ",Au,DS then US,T,A few m,"800,000",1A-ST,1,221,2000,30/Jan/00,"100,000",>100,,"ICOLD, WISE, Rico","(Aurul SA-Esmeralda Exploration, Australia (50%), Remin S.A. (44.8%))  Killed tonnes of fish and poisoned drinking water of more than 2 million people in Hungary; retreating old tailings (mining there for over 2,000 years) with cyanide; high snowfall led to water rise and overtopping causing a breach 25m wide and 2.5m deep (livebettermagazine.com)",Tailings,Au,,,,,1999,,"St, Bi, Py, Ga"
1,"Toledo City, Philippines (Atlas Con Mining Corp)",Cu,,,,,1B-ST,1,,1999,9/Aug/99,"5,700,000",,,Piplinks,Drainage tunnel blowout,PCD,Cu,2000,0.34,0.24,0.532502451,1955,575,Py
3,"Red Mountain, BC",Au Ag,Jumbo,,,,1A-SE,1,,1999,5-jun-99,"10,000",,,"Mt Polley Expert Panel 2015, App. I",Failure of the surface water diversion culvert beneath the facility. Discharge of tailings into the water reclaim pond downstream of the impoundment and into Little Sheep Creek.,,Au Ag,,,,,,,
2,"Surigao Del Norte Placer, Philippines (#3 of 3) Manila Mining Corp",Au,,,,,3,3,Table 1,1999,26/Apr/99," 700,000 t ",12,4,"ICOLD, Piplinks","Manila Mining Corp.  Tailings spill from damaged concrete pipe.  17 homes buried, 51 hectares of riceland swamped.",Placer,Au,,,,,,,
3,"Huelva, Spain (Fertiberia, Foret)",P,,,,,1A-OT,1,Table 1,1998,31/Dec/98,"50,000",,,"ICOLD, WISE","Fertiberia phosphate mine, 50,000 m3 of acidic and toxic water",Strat,P,,,,,,,
3,"Zamboanga Del Norte, Sibutad Gold Project (Philex Mining Corp)",Au,,,,,1A-OT,1,-,1998,27-jun-98,,,,Piplinks,Philex Gold Philippines Inc. Heavy rain resulted in overflowing of silt dam at the Sibutad gold project,,Au,,,,,,,
1,"Los Frailes, near Seville, Spain (Boliden Ltd.)",Pb Zn,WR,R,27,"15,000,000",1A-FN,1,209,1998,25/Apr/98,"6,800,000",41,,"ICOLD, WISE, Rico",Modern mining started in 1876 at nearby Aznalcollar; Andaluza de Piritas started open pit in 1979 after delineating recently-discovered mineralization; Boliden purchased company in 1987.,VMS,Pb Zn,161,0.44,,2.53927127,1979,,PY
2,"Mulberry Phosphate, Polk County, Florida, USA (Mulberry Phosphate)",P,,,,,2A-SE,2,-,1997,7/Dec/97,"200,000",,,WISE; Beavers 2013.,"Phosphogypsum stack failure. Biota in the Alafia River eliminated (WISE). Mulberry Phosphate had a gypsum stack dam break that resulted in the release of approximately 50 million gallons of waters into adjacent marshes and ponds. Acidic water eventually traveled down the Alafia toward Tampa Bay. Estimates of fish killed ranged from 50,000 to 3,000,000 (An Overview of Phosphate Mining and Reclamation in Florida, Casey Beavers, University of Florida thesis, April 2013).",Strat,P,,,,,,,
3,"Zamboanga Del Norte, Sibutad Gold Project (Philex Mining Corp)",Au,,,,,1A-OT,1,-,1997,6-nov-97,,,,Piplinks,Philex Gold Philippines Inc. Heavy rain caused mudflow and rockslide into silt dam at Lalab. Flashfloods damaged nearby houses and rice fields.,,Au,,,,,,,
2,"Pinto Valley, Arizona, USA (BHP Copper)",Cu,,,,,1B-SI,1,Table 1,1997,22-oct-97,"230,000",,,"ICOLD, WISE",Tailings dam slope failure. Tailings flow covers 16 hectares.,PCD,Cu,,,,,,,
3,"Algarrobo, IV Region, Vallenar, Chile",Fe,US,,18,,1A-EQ,1,-,1997,14-oct-97,,,,Villavicencio,"Intraplate earthquake Ms = 7.0, R = 100 km, dam slope 1.5:1",Magmatic,Fe,,,,,,,
3,"Algarrobo, IV Region, Vallenar, Chile",Fe,US,,20,,1A-EQ,1,-,1997,14-oct-97,,,,Villavicencio,"Intraplate earthquake Ms = 7.0, R = 80 km, dam slope 1.5:1",Magmatic,Fe,,,,,,,
3,"Maitén, IV Region, Vallenar, Chile",?,US,,15,,1A-EQ,1,-,1997,14-oct-97,,,,Villavicencio,"Intraplate earthquake Ms = 7.0, R = 120 km, dam slope 1.5:1",,?,,,,,,,
3,"Tranque Antiguo Planta La Cocinera, IV Region, Vallenar, Chile",?,US/CL,,30,,1A-EQ,1,-,1997,14-oct-97,"60,000",>0.15,,Villavicencio,"Intraplate earthquake Ms = 7.0, R = 80 km, dam slope 1.7:1; deaths in 1943 failure after 7.9 magnitude eartquake",,?,,,,,,,
2,"Amatista, Nazca, Peru",?,US,,,,1B-EQ,1,-,1996,12-nov-96,"300,000",,,WISE,"Liquefaction failure of upstream-type tailings dam during M6.4 earthquake. Flow runout of about 600 meters, spill into river, croplands contaminated.",,?,,,,,,,
2,"El Porco, Bolivia (Comsur-62%, Rio Tinto-33%)",Pb Zn,,,,,1A-U,1,Table 1,1996,29/Aug/96,"166,000",300,,"ICOLD, WISE","400,000 tonnes released, 300 km of Pilcomayo river contaminated",Vein,Pb Zn,,,,,,,
1,"Marcopper, Marinduque Island, Philippines (#2 of 2) (Placer Dome and President Marcos)",Cu,,,,,1A-ST,1,208,1996,24-mar-96,"1,600,000",26,,"ICOLD, WISE, Piplinks",Drainage tunnel plug failed. 26 km of the Makulaquit and Boac river systems filled with tailings rendering them unusable; US$ 80 million in damage; no production after this event,PCD,Cu,372,0.55,0.11,0.63823029,1969,55,Py
2,"Sgurigrad, Bulgaria",Pb Zn,US,T,45,"1,520,000",1A-SI,1,220,1996,1996,"220,000",6,,"ICOLD, Rico",,,Pb Zn,,,,,,,
3,"Negros Occidental, Bulawan Mine Sipalay River, Philippines (Philex Mining Corp)",Au,,,,,2A-U,2,-,1995,8/Dec/95,,,,Piplinks,Pressure exerted by impounded tailings caused leak in decant tower of tailings pond 1 at the Bulawan gold mine. This was the 4th discharge in this area (1st was in 1982);  mine reactivated by Philex in 1996 and decommissioned in 2002 after which tailings dried up causing a dust problem as far as 5km from site,,Au,,,,,1957,,
3,"Golden Cross, Waitekauri Valley, New Zealand (Coeur d'Alène Mines)",Au,,R,25-30,"3,000,000",1A-FN,1,207,1995,Dec/95, Nil ,,,ICOLD,Movement of dam,,Au,,,,,,,
2,"Surigao del Norte Placer, Philippines (#2 of 3) (Manila Mining Corp)",Au,WR,E,17,,1B-FN,1,206,1995,2-sep-95,"50,000",,12,"ICOLD, WISE","12 people killed, coastal pollution ",Placer,Au,,,,,,,
1,"Omai Mine, Tailings dam No 1, 2, Guyana (Cambior)",Au,WR,R,44,"5,250,000",1A-ER,1,205,1995,19/Aug/95,"4,200,000",80,,"ICOLD, WISE, Rico","Cambior Inc., Canada (65%), Golden Star Resources Inc., Colorado, USA (30%) 80 km of Essequibo River declared environmental disaster zone.",Vein,Au,43,,1.51,1.211161252,1993,8,Py
3,"Middle Arm, Launceston, Tasmania",Au,CL,E,4,"25,000",1A-OT,1,204,1995,25-jun-95,"5,000",,,ICOLD,,,Au,,,,,,,
3,"Riltec, Mathinna, Tasmania",Au,CL,E,7,"120,000",2A-SE,2,203,1995,jun-95,"40,000",,,ICOLD,,,Au,,,,,,,
1,"Hopewell Mine, Hillsborough County, Florida, USA",P,,,,,1A-U,1,-,1994,19-nov-94,"1,900,000",,,WISE,"IMC-Agrico.  Water from a clay settling pond spilled into nearby wetlands and the Alafia River, Keysville flooded.",Strat,P,,,,,,,
1,"Payne Creek Mine, Polk County, Florida, USA",P,,,,,1A-U,1,-,1994,2-oct-94,"6,800,000",,,WISE,"IMC-Agrico. Majority of spill contained on adjacent mining area; 500,000 m3 released into Hickey Branch, a tributary of Payne Creek.",Strat,P,,,,,,,
3,"Fort Meade Phosphate, Florida, USA ",P,,,,,2A-SE,2,-,1994,oct-94,"76,000",,,WISE,Cargill. Phosphogypsum process (?) water. Spill into Peace River near Fort Meade.,Strat,P,,,,,,,
3,"IMC-Agrico Phosphate, Florida, USA",P,,,,,2A-SE,2,-,1994,jun-94,,,,WISE,IMC-Agrico. Sinkhole opens in phosphogypsum stack.,Strat,P,,,,,,,
1,"Merriespruit, near Virginia, South Africa (Harmony) - No 4A Tailings Complex",Au,US paddock,T,31,"7,040,000",1B-OT,1,202,1994,22-feb-94,"600,000",4,17,"ICOLD, WISE, Rico","Dam wall breach following heavy rain, tailings traveled 4 km downstream, 17 people killed, extensive damage to residential township; No 4 TSF started in 1978 and was only 320m from nearest houses",WITS,Au,,,,,1950,,Py
4,"Olympic Dam, Roxby Downs, South Australia",Cu U,,,,,3,3,-,1994,14-feb-94,"5,000,000",,,WISE,Designed groundwater leakage from unlined tailings impoundment into groundwater.  Up to 5 million m3 of contaminated water into the subsoil.,,Cu U,4800,1.4,0.6,3.321256127,1988,10,Py
3,"Minera Sera Grande: Crixas, Goias, Brazil",Au,DS then US,CST,41, 2.25Mt ,2A-SI,2,214,1994,feb-94, None ,,,ICOLD,,,Au,,,,,,,
3,"Fort Meade, Florida, Cargill phosphate (#3 of 3)",P,,,,,1A-U,1,-,1994,Jan/94,"76,000",,,WISE,,,P,,,,,,,
1,"Longjiaoshan, Daye Iron Ore mine, Hubei",Fe,,,,,1A-U,1,-,1994,Jan/94,,,31,Wei,,,Fe,,,,,,,
2,"Marcopper, Marinduque Island, Mogpog Philippines(12/6) (#1 of 2) (Placer Dome-President Marcos)",Cu,,,,,1A-U,1,-,1993,6/Dec/93,,,2,Piplinks,Siltation (tailings) dam failure. Mogpog River and Mogpog town flooded. The dam was completed in 1992.,,Cu,,,,,,,
3,"Gibsonton, Florida, USA (Cargill)",P,,,,,2A-U,2,-,1993,oct-93,,,,WISE,Fish killed when acidic water spilled into Archie Creek (WISE). ,Strat,P,,,,,,,
3,"TD 7, Chingola, Zambia",Cu,US,T&E,5,,1A-OT,1,200,1993,Aug/93, 100 t ,,,ICOLD,,,Cu,,,,,,,
3,"Itogon-Suyoc, Baguio gold district, Luzon, Philippines (Benguet Corp)",Au Ag,,,,,1A-OT,1,199,1993,26-jun-93,,,,"ICOLD, Piplinks",Itogon-Suyoc Mines.  Overtopping at the dam of the Itogon-Suyoc gold and silver mines occurred during a typhoon when the dam’s penstock and diversion tunnel were blocked. Siltation of the adjoining river. No production after this event.,Vein,Au Ag,>50,2.5,6,7.312561265,1931,37,Py
3,"Saaiplaas, South Africa, failure on south ring dyke (22Mar93)",Au,US,CST,28,,1A-SI,1,Table 1,1993,22-mar-93, minimal ,,,"Blight, ICOLD","Slope Stability in Surface Mining, W. A. Hustrulid, M. Kim McCarter, Dirk J. A. Van Zyl, 2001, Chapter 42, Management and Operational Background to the Three Tailings Dam Failures in South Africa, G Blight, p. 386.  Three separate events within 4 days.  ",Wits,Au,,,,,,,
3,"Saaiplaas, South Africa, 2 failures on west ring dyke (18-19Mar93)",Au,US,CST,28,,1A-SI,1,Table 1,1993,18-mar-93, minimal ,,,"Blight, ICOLD","Slope Stability in Surface Mining, W. A. Hustrulid, M. Kim McCarter, Dirk J. A. Van Zyl, 2001, Chapter 42, Management and Operational Background to the Three Tailings Dam Failures in South Africa, G Blight, p. 386.  Three separate events within 4 days.  ",Wits,Au,,,,,,,
2,"Marsa, Peru (Marsa Mining Corp)",Au,,,,,1A-OT,1,-,1993,1993,,,6,WISE,Dam failure from overtopping.,Vein,Au,,,,,,,
3,"Kojkovac, Montenegro",Pb Zn,WR,E,,"3,500,000",2B-ER,2,198,1992,nov-92, none ,,,ICOLD,,,Pb Zn,,,,,,,
2,"Maritsa Istok 1, Bulgaria",Coal,,Ash,15,"52,000,000",1A-ER,1,218,1992,1-mar-92,"500,000",,,"ICOLD, WISE",Dam failure from inundation of the beach.,Strat,Coal,,,,,,,
1,"Tubu, Benguet, No.2 Tailings Pond, Luzon, Philippines - Padcal (Philex)",Cu,,,,,1A-FN,1,197,1992,2/Jan/92,"32,243,000",,,Piplinks,"Philex Mining Corp. Collapse of dam wall (foundation failure). 80,000,000 tonnes released, siltation affected government irrigation system; the 2nd of 3 dams that Philex controls failed in 1994 and a 3rd breached in 2001; Benguet Corp and Lepanto mines have built 5 TSFs each and no longer operate their mines; Itogon-Suyac;s TSF collapsed in 1994 (from UN report (2007))",PCD,Cu,590,0.3,0.35,0.58073274,1958,200,Py
3,"Ajka Alumina Plant, Kolontár, Hungary",Al,DS,Compacted Fly Ash,,,1A-ST,1,-,1991,3-nov-91,"43,200",,,Kolontár Report,"The Kolontar Report (https://www.google.com/?gws_rd=ssl#q=kolontar+hungary+disaster)  Dam break occurred during the construction of Reservoir 10 resulting in alkaline (pH = 10-11) slag water escaping, polluting the rivers Marcal and Rába through the Torna stream to a traceable extent.",,Al,,,,,,,
3,"Iron Dyke, Sullivan Mine, Kimberley, BC, Canada (Cominco, Inc)",Pb Zn,US,,21,,1A-SI,1,196,1991,23/Aug/91,"75,000",,,"ICOLD, WISE, Mt Polley Expert Panel 2015, App I","Dam failure (liquefaction in old tailings foundation during construction of incremental raise), material was contained in an adjacent pond.",VMS,Pb Zn,170,,,5.693021381,1909,130,PY
2,Brewer Gold Mine Jefferson South Carolina,Au,,,,,1A-U,1,-,1990,1-nov-90,"41,640",80,,"NWF, 2012","The spill killed 11,000 fish and decimated 50 miles of the Lynches River. (Protecting America's Waters from Irresponsible Mining, National Wildlife Federation, February, 2012)",,Au,,,,,,,
2,"Matachewan Mines, Kirtland Lake, Ontario",U,,,,,1A-U,1,-,1990,17-oct-90,"190,000",168,,"Proceedings of Canadian dam safety conference, Niagara Falls (Canada), Oct 1996; Ontario Environment, 1990","Proceedings: Failure of the dam in 1990, when it discharged 190,000 cu m of tailings into Davidson Creek and the Montreal River. The contaminant plume was observed as far away as Lake Temiskaming, some 168 km downstream. (https://www.etde.org/etdeweb/details.jsp?query_id=1&page=0&osti_id=415194); Ontario Environment (https://archive.org/details/matachewanmineta00ontauoft)",,U,,,,,,,
3,"Soda Lake, California, USA",Na,US,E,3,,2A-EQ,2,111,1989,17-oct-89,,,,ICOLD,,Strat,Na,,,,,,,
3,"Silver King, Idaho, USA",Ag Pb,DS,E,9,"37,000",2A-OT,2,108,1989,5/Aug/89, Small ,,,ICOLD,,,Ag Pb,,,,,,,
3,"Big Four, Florida, USA",P,CL,E,,,2A-FN,2,14,1989,1989,,,,ICOLD,,Strat,P,,,,,,,
3,"Thompson Creek, Idaho, USA (Cyprus)",Mo,CL,CST,146,"27,000,000",2A-SE,2,34,1989,1989,,,,ICOLD,,,Mo,,,,,,,
3,"Southern Clay, Tennessee, USA",Clay,WR,E,5,,1A-SE,1,112,1989,1989,300,,,ICOLD,,Strat,Clay,,,,,,,
3,"Stancil, Maryland, USA",Sand,US,E,9,"74,000",1A-SI,1,116,1989,1989,"38,000",0.1,,"ICOLD, Rico, WISE",,Strat,Sand,,,,,,,
3,"Unidentified, Hernando, County, Florida, USA #2",Limestone,US,E,12,"3,300,000",1A-OT,1,163,1988,sep-88,"4,600",,,ICOLD,,Strat,Limestone,,,,,,,
2,"Jinduicheng, Shaanxi Province., China",Mo,US,,40,,1A-OT,1,195,1988,30/Apr/88,"700,000",,~20,"ICOLD, WISE",,,Mo,,,,,,,
2,"Consolidated Coal No.1, Tennessee, USA,",Coal,DS,MW,85,"1,000,000",2A-ST,2,121,1988,19/Jan/88,"250,000",,,"ICOLD, WISE",,Strat,Coal,,,,,,,
3,"Unidentified, Hernando, County, Florida, USA",Limestone,DS,E,12,,2A-FN,2,164,1988,1988,,,,ICOLD,,Strat,Limestone,,,,,,,
4,"Rain Starter Dam, Elko, Nevada, USA",Au,WR,ER,27,"1,500,000",3,3,98,1988,1988,,,,ICOLD,,,Au,,,,,,,
3,"Riverview, Hillsborough County, Florida",P,,,,,1A-ER,1,,1988,1988,246,,,WISE; Beavers 2013.,"Gardiner/Cargill.  A breach at a Riverview phosphogypsum stack caused the release of 65,000 gallons of process water into Hillsborough Bay, impacting coastal ecosystems, including sea grasses and mangroves. Acidic spill. Thousands of fish killed at mouth of Alafia River. (An Overview of Phosphate Mining and Reclamation in Florida, Casey Beavers, University of Florida thesis, April 2013)",Strat,P,,,,,,,
3,"Surigao Del Norte Placer, Philippines (#1 of 3) (Manila Mining Corp)",Au,,,,,1A-U,1,,1987,9-jul-87,,,,Piplinks,,Placer,Au,,,,,,,
2,"Montcoal No.7, Raleigh County, West Virginia, USA",Coal,,,,,1A-U,1,,1987,8/Apr/87,"87,000",80,,WISE,tailings flow 80 km downstream,Strat,Coal,,,,,,,
3,"Bekovsky, Western Siberia",Coal,US,"Argillite, aleurolite",53,"52,000,000",1A-U,1,212,1987,25-mar-87, None ,,,ICOLD,,Strat,Coal,,,,,,,
3,"Xishimen, China",Fe,US,T,31,,1A-SI,1,194,1987,21-mar-87,"2,230",,,ICOLD,,,Fe,,,,,,,
4,"Montana Tunnels, MT, USA (Pegasus Gold)",Au,DS,MW,33,"250,000",3,3,87,1987,1987,,,,ICOLD,Old Mining District re-opened with open pit,,Au,150,,0.51,0.41603863,1986,3.5,
3,"Marianna Mine #58, PA",Coal,US,E,37,"300,000",2A-SI,2,77,1986,19-nov-86,,,,ICOLD,,Strat,Coal,,,,,,,
2,"Mankayan District, Luzon, Phillippines, No.3 Tailings Pond (Benguet Corp subsidiary Lepanto Con Mining Co)",Cu Au,,E,,,1A-ST,1,193,1986,17-oct-86," >100,000? ",,,"ICOLD, Piplinks",Lepanto Consolidated Mining Corporation. Collapse of tailings pond 3 due to weakened dam embankment caused by additional loading. Siltation of the Abra River which affected 9 municipalities,,Cu Au,,,,,,,
3,"Pico de Sao Luis, Gerais, Brazil",Fe ,,T,20,,1A-ER,1,192,1986,2-oct-86,,,,ICOLD,,Strat,Fe ,,,,,,,
3,"Rossarden, Tasmania",Sn,WR,E,7.5,"200,000",1B-OT,1,190,1986,16-may-86,,,,ICOLD,,,Sn,,,,,,,
3,"Story’s Creek, Tasmania",Sn,Valley side,,17,"30,000",1B-OT,1,191,1986,16-may-86, Minimal ,,,ICOLD,,,Sn,,,,,,,
2,"Itabirito, Minas Gerais, Brazil",Fe,Gravity,Masonry,30,,1A-ST,1,189,1986,may-86," 100,000t ",12,7,"ICOLD, WISE, Rico",Itaminos Comercio de Minerios.  Dam wall burst. ,Strat,Fe,,,,,,,
3,"Mineral King, BC, Canada",Pb Zn,CL,CST,6, Small ,1B-OT,1,188,1986,20-mar-86,,,,"ICOLD, MT Polley Expert Panel 2015, App I",Tailings spilt out through dam but were almost completely contained by the emergency pond downstream of the dam.,,Pb Zn,,,,,,,
2,"Huangmeishan, China",Fe,,,,,1A-U,1,,1986,1986,,,19,WISE,,,Fe,,,,,,,
3,"Spring Creek Plant, Borger, Texas, USA",Sand,,,5,"30,000",1A-OT,1,114,1986,1986,,,,ICOLD,,Strat,Sand,,,,,,,
3,"Bonsal, North Carolina, USA",Sand,WR,E,6,"38,000",1A-OT,1,17,1985,17/Aug/86,"11,000",0.8,,ICOLD,,Strat,Sand,,,,,,,
1,"Prestavel Mine - Stava, North Italy, 2, 3 (Prealpi Mineraria)",F,US,CST,29.5,"300,000",1A-SI,1,117,1985,19-jul-85,"200,000",8,269,"ICOLD, WISE, Rico","Damage valued at Euro133M; razed 20 buildings in Stava and flowed in to Avisio River; mining of argentiferous galena since 16th c.; fluorite mining commenced in 1934 and throughput increased from 30tpd to 200tpd in 1961; 1st TSF in use by 1962, 2nd by 1970",,F,,,,,,1.5,
3,"La Belle, Pennsylvania, USA",Coal,DS,MW,79,"1,230,000",2A-FN,2,68,1985,17-jul-85,,,,ICOLD,,Strat,Coal,,,,,,,
2,Cerro Negro No. (4 of 5),Cu,US,CST,40,"2,000,000",1A-EQ,1,30,1985,3-mar-85,"500,000",8,,"ICOLD WISE, Rico",,,Cu,,,,,,,
2,Veta de Agua,Cu,US,T,24,"700,000",1A-EQ,1,178,1985,3-mar-85,"280,000",5,,"WISE, Rico",,,Cu,,,,,,,
1,"Niujiaolong, Shizhuyuan Non-ferrous Metals Co., Hunan",P,,,,,1A-U,1,,1985,1985,"731,000",4.2,49,Wei,,,P,,,,,,,
3,El Cobre No. 4 - El Soldado (Exxon),Cu,DS,CST,50,,2A-EQ,2,44,1985,1985,,,,ICOLD,,HT Manto,Cu,580,1.1,,1.1,19th c,65,Py
3,"Marga, Chile - El Teniente (Codelco)",Cu,,,,,1B-OT,1,76,1985,1985,,,,ICOLD,,PCD,Cu,12000,1,,,1905,680,Py
3,"Olinghouse, Nevada, USA",Au,WR,E,5,"120,000",1A-SE,1,91,1985,1985,"25,000",1.5,,"ICOLD, Rico, WISE",,,Au,,,,,,,
5,"Quintette, MaËmot, BC, Canada",Coal,,,,,3,3,,1985,1985,"2,500,000",2.5,,"Blight & Fourie, 2004","Waste dump failure - pore pressure resulting from collapse settlement. River valley filled with waste for 2.5km. (Blight & Fourie, 2004)",Strat,Coal,,,,,,,
3,"Texasgulf 4B Pond, Beaufort, Co., North Carolina, USA",P,WR,T,8,"12,300,000",2A-SI,2,122,1984,Apr/84,,,,ICOLD,,Strat,P,,,,,,,
3,"Mirolubovka, Southern Ukraine",Fe,US,E&T,32,"80,000,000",2A-SI,2,210,1984,15/Jan/84, none ,,,ICOLD,,,Fe,,,,,,,
3,"Battle Mt. Gold, Nevada,",Au,DS,E,8,"1,540,000",2A-SI,2,11,1984,1984,,,,ICOLD,,,Au,,,,,,,
3,"Virginia Vermiculite, Louisa County, Virginia, USA",Vermiculite,WR,E,9,,1A-ST,1,179,1984,1984,,,,ICOLD,,,Vermiculite,,,,,,,
3,"Clayton Mine, Idaho, USA",Ag Pb,CL,T,24,"215,000",2A-ST,2,32,1983,2-jun-83,,,,ICOLD,Mine shut down in 1986,Vein,Ag Pb,,,,,1881,,
4,"Golden Sunlight, MT, USA",Au,CL,CST,,,3,3,51,1983,5/Jan/83,,,,ICOLD,"Discovered in 1890, production ceased in 1945; mine started as open pit in 1983; earlier dumps/tails cleaned up",Vein,Au,65,,1.9,1.523977734,1982,1.5,
3,Vallenar 1 and 2,Cu,,,,,1B-OT,1,175,1983,1983,,,,ICOLD,,,Cu,,,,,,,
4,"Grey Eagle, California, USA",Au,DS,E,,,3,3,53,1983,1983,,,,ICOLD,,Vein,Au,,,,,,,
1," Sipalay, Phillippines, No.3 Tailings Pond (Maricalum Mining Corp)",Cu,WR,MW,,"37,000,000",1A-FN,1,187,1982,8-nov-82," 28,000,000t ",,,"ICOLD, WISE, Piplinks","dam failure, due to slippage of foundations on clayey soils.  Widespread inundation of agricultural land up to 1.5 m high; 1st of 4 discharges reported in this area (4th in 1995); mine reactivated by Philex in 1996 and decommissioned in 2002 after which tailings dried up causing a dust problem as far as 5km from site",PCD,Cu,800,0.473,0.05,0.513104677,1957,~100,Py
3,"Royster, Florida, USA",Gypsum,US,T,21,,1A-FN,1,102,1982,1982,,,,ICOLD,,Strat,Gypsum,,,,,,,
2,"Ages, Harlan County, Kentucky, USA",Coal,,,,,1A-U,1,,1981,18/Dec/81,"96,000",163,1,WISE,,,Coal,,,,,,,
3,"Dixie Mine, Colorado, USA",Au,,,,,1B-U,1,39,1981,Apr/81,,,,ICOLD,Ceased operations in 1954,Vein,Au,0.087,,,,1936,,Py Ga
1,"Balka Chuficheva, Russia",Fe,US,CST,25,"27,000,000",1A-SI,1,211,1981,20/Jan/81,"3,500,000",1.3,,"ICOLD, WISE",,,Fe,,,,,,,
3,"Texasgulf No. 1 Pond, Beaufort Co., North Carolina, USA",P,WR,E,,"24,700,000",2A-SI,2,123,1981,1981,,,,ICOLD,,Strat,P,,,,,,,
3,Veta de Aqua A,Cu,,,,,1A-EQ,1,176,1981,1981,,,,ICOLD,,,Cu,,,,,,,
3,Veta de Agua B,Cu,,,,,1A-EQ,1,177,1981,1981,,,,ICOLD,,,Cu,,,,,,,
1,"Tyrone, New Mexico (Phelps Dodge)",Cu,US,CST,66,"2,500,000",1A-SI,1,94,1980,13-oct-80,"2,000,000",8,,"ICOLD, WISE, Rico",,PCD,Cu,1300,0.53,,0.53,1967,100,Py
3,"Sweeney Tailings Dam, Longmont, Colorado, USA",Sand,,,7,,1A-SE,1,119,1980,may-80,,,,ICOLD,,Strat,Sand,,,,,,,
3,"Marga, Sewell, VI Region, Rancagua, Chile - El Teniente (Codelco)",Cu,,,,,1B-OT,1,,1980,jun-05,,,,Villavicencio,Strong rains and over?ow,PCD,Cu,12000,1,,1,,580,Py
3,"Arena, Sewell, VI Region, Rancagua, Chile - El Teniente (Codelco)",Cu,,,,,1B-OT,1,,1980,jun-05,,,,Villavicencio,Strong rains and over?ow,PCD,Cu,12000,1,,1,,580,Py
3,"Kyanite Mining, Virginia, USA",Kyanite,,,11,"430,000",2A-OT,2,67,1980,1980,,,,ICOLD,,,Kyanite,,,,,,,
3,"Churchill Copper, BC",Cu,,,,,1A-SE,1,,1979,1/Dec/79,"37,854",,,"Mt Polley Expert Panel 2015, App. I","Seepage and piping with release of 10,000,000 gallons of supernatant.",,Cu,,,,,,,
2,"Churchrock, New Mexico, United Nuclear",U,WR,E,11,"370,000",1A-FN,1,173,1979,16-jul-79,"370,000",110,,"ICOLD, Wikipedia, Rico",Mined closed in 1982; basic surface remediation and tailings pumped into undergorund mine; high radium levels proximal to and on site; EPA program in progress,,U,,,,,1967,3,U
3,"Union Carbide, Uravan, Colorado, USA",U,US,T,43,,2A-SI,2,172,1979,mar-79,,,,ICOLD,,,U,,,,,,,
3,"Suncor E-W Dike, Alberta, Canada",Oil Sands,WR,MW,30,,2A-SI,2,118,1979,1979,,,,ICOLD,,Strat,Oil Sands,,,,,,,
3,"Unidentified, British Columbia, Canada ",?,,,,,1A-FN,1,,1979,1979,"40,000",,,WISE,Piping in the sand beach of the tailings dam ,,?,,,,,,,
5,"Incident No. 1, Elliot, Ontario, Canada",U,WR,E,9,,3,3,35,1979,1979,,,,ICOLD,,,U,,,,,,,
2,"Arcturus, Zimbabwe",Au,US,T,25, 1.7-2.0 Mt ,1A-OT,1,185,1978,31/Jan/78,"39,000",0.3,1,"ICOLD, WISE, Rico",,,Au,,,,,,,"Asp, Py"
2,"Mochikoshi No. 1, Japan (1 of 2)",Au,US,T,28,"480,000",1A-EQ,1,84,1978,14/Jan/78,"80,000",8,1,"ICOLD, WISE, Rico",Dam failure due to earthquake,,Au,,,,,,,
3,"Norosawa, Japan",Au,DS,,24,"225,000",2B-EQ,2,90,1978,14/Jan/78,,,,ICOLD,,,Au,,,,,,,
3,"Hirayama, Japan",Au,DS,,9,"87,000",2B-EQ,2,56,1978,1978,,,,ICOLD,,,Au,,,,,,,
3,"Mochikoshi No. 2, Japan (2 of 2)",Au,US,T,19,,1A-EQ,1,85,1978,1978,"3,000",0.15,,"ICOLD, Rico",dam failure due to aftershock,,Au,,,,,,,
3,"Syncrude, Alberta, Canada",Oil Sands,CL,T,,,2A-FN,2,120,1978,1978,,,,ICOLD,,Strat,Oil Sands,,,,,,,
3,"Madison, Missouri, USA",Pb,WR,E,11,,1A-OT,1,74,1977,28-feb-77,,,,ICOLD,,,Pb,,,,,,,
3,"Grants, Milan, New Mexico, USA mill site (Homestake Mining)",U,US,T,21,,1A-ST,1,59,1977,feb-77,"30,000",,,"ICOLD, WISE","Dam failure, due to rupture of plugged slurry pipeline; mill decommissioned in 1993",n.a.,U,,,,,1958,,U
3,"Pit No. 2, Western",REE,US,T,9,,1A-SI,1,96,1977,1977,,,,ICOLD,,,REE,,,,,,,
3,"Unidentified, Hernando, County, Florida, USA",Limestone,CL,E,6,,2A-FN,2,162,1977,1977,,,,ICOLD,,Strat,Limestone,,,,,,,
3,"Western Nuclear, Jeffrey City, Wyoming, USA #2",U,,,,,1A-SI,1,180,1977,1977,40,,,ICOLD,,Strat,U,,,,,,,
3,"Kerr-McGee, Churchrock, New Mexico, USA",U,WR,E,9,,1A-FN,1,64,1976,Apr/76,,,,ICOLD,,,U,,,,,,,
2,"Zlevoto No. 4, Yugoslavia",Pb Zn,US,T,25,"1,000,000",1A-SI,1,184,1976,mar-76,"300,000",,,"ICOLD, WISE"," dam failure, due to high phreatic surface and seepage breakout on the embankment face.  Tailings flow reached and polluted nearby river",,Pb Zn,,,,,,,
3,"Dashihe, China",Fe,US,,37,,2A-EQ,2,36,1976,1976,,,,ICOLD,,,Fe,,,,,,,
3,"Unidentified, Idaho, USA",P,DS,E,34,,2A-SI,2,149,1976,1976,,,,ICOLD,,Strat,P,,,,,,,
3,"Cadet No. 2, Montana,",Barite,CL,E,21,,2A-SI,2,18,1975,sep-75,,,,ICOLD,,,Barite,,,,,,,
2,"Silverton, Colorado, USA",Au Ag,,,,,1A-U,1,,1975,jun-75," 116,000t ",,,WISE,Tailings flow slide polluted nearly 100 miles (160 km) of the Animas river and its tributaries; severe property damage; no injuries ,,Au Ag,,,,,,,
2,"Madjarevo, Bulgaria",Pb Zn,US,T,40,"3,000,000",1A-ST,1,219,1975,Apr/75,"250,000",20+,,ICOLD,,,Pb Zn,,,,,,,
3,"Carr Fork, Utah, USA (Anaconda)",Cu Au,,,10,,1A-ST,1,22,1975,feb-75,,,,ICOLD,Adjacent to Bingham Canyon open pit; underground mine operated form 1979-1982 and re-opened in 1984,Skarn,Cu Au,127,2.42,1.12,3.318344769,1979,,Py
2,"Mike Horse, Montana, USA (Asarco)",Pb Zn,US,T,18,"750,000",1B-OT,1,79,1975,1975,"150,000",,,ICOLD,,Vein,Pb Zn,,,,,,,"Py, En, Ga"
3,"Dresser No. 4, Montana,",Barite,CL,E,15,,1A-FN,1,40,1975,1975,,,,ICOLD,,,Barite,,,,,,,
3,"Keystone Mine, Crested Butte, Colorado, USA",Mo,,,,,1B-U,1,65,1975,1975,,,,ICOLD,,,Mo,,,,,,,
3,"Heath Steele main dam, Brunswick, Canada (American Metals)",Pb Zn,WR,"R,E",30,,2A-FN,2,186,1975,1975,,,,ICOLD,,VMS,Pb Zn,40,1.11,0.93,5.022480413,1956,,PY Ga
5,"PCS Rocanville, Saskatchewan, Canada",K,US,T,12,,3,3,92,1975,1975,,,,ICOLD,,Strat,K,,,,,,,
5,"Unidentified, Green River, Wyoming, USA",Trona,WR,E,18,,3,3,161,1975,1975,,,,ICOLD,,Strat,Trona,,,,,,,
1,"Bafokeng, South Africa",Pt,US,T,20,"17,000,000",1A-SE,1,7,1974,11-nov-74,"3,000,000",45,12,"ICOLD, WISE, Rico",https://books.google.com/books?id=mDgarPrQ1_YC&pg=PA383&lpg=PA383&dq=Bafokeng+tailings&source=bl&ots=rgKF0PG8jS&sig=ZHuhBXlzouXT6uMa4exSS0DC96U&hl=en&sa=X&ved=0ahUKEwjKj4OnguLMAhUMcj4KHaBwAc0Q6AEIMDAD#v=onepage&q=Bafokeng%20tailings&f=false (copied 9Jun16),Magmatic,Pt,,,,,,,
3,"Golden Gilpin Mine, Colorado, USA",Au,,,12,,1B-U,1,50,1974,nov-74,,,,ICOLD,,,Au,,,,,,,
3,"Deneen Mica Yancey County, North Carolina, USA",Mica,US,CST,18,"300,000",1A-SI,1,37,1974,jun-74,"38,000",0.03,,ICOLD,,,Mica,,,,,,,
3,"Silver King, Idaho, USA",Ag,DS,E,9,"37,000",1A-OT,1,109,1974,16/Jan/74,"6,000",,,ICOLD,,,Ag,,,,,,,
3,"Galena Mine, Idaho, USA #2 of 2 (ASARCO)",Ag Pb,US,MW,9,,1A-OT,1,49,1974,15/Jan/74,"3,800",0.61,,"ICOLD, Rico",,,Ag Pb,,,,,,,
3,"Berrien, France",Ag Pb,US,R,9,,1A-SE,1,10,1974,1974,,,,ICOLD,,Strat,Ag Pb,,,,,,,
3,"GCOS, Alberta, Canada",Oil Sands,US,T,61,,2A-SI,2,47,1974,1974,,,,ICOLD,,,Oil Sands,,,,,,,
3,"Unidentified, Mississippi, USA #2",Gypsum,US,T,20,,2A-FN,2,153,1974,1974,,,,ICOLD,,,Gypsum,,,,,,,
3,"Unidentified, Canaca, Mexico",Cu,US,T,46,,1A-OT,1,159,1974,1974,,,,ICOLD,,,Cu,,,,,,,
3,"Ray Mine, Arizona, USA inc #2 (Kennecott)",Cu,US,T,52,,2A-SI,2,101,1973,5-feb-73,,,,ICOLD,,PCD,Cu,3200,0.49,,0.67,1911,32,Py
2,"(unidentified), Southwestern USA",Cu,US,E,43,"500,000",1A-SI,1,169,1973,1973,"170,000",25,,"ICOLD, WISE, Rico","noted as ""Southwestern US"" in WISE",,Cu,,,,,,,
3,"Earth Resources, N M,",Cu,US,T,21,,1A-OT,1,41,1973,1973,,,,ICOLD,,,Cu,,,,,,,
3,"Ray Mine, Arizona, USA",Cu,US,T,52,,1A-SI,1,100,1972,2/Dec/72,,,,ICOLD,,PCD,Cu,3200,0.49,,0.67,1911,30,Py
1,"Buffalo Creek, West Virginia, USA (Pittson Coal Co.)",Coal,,,,,1A-U,1,Table 1,1972,26-feb-72,"500,000",64.4,125,"ICOLD, WISE, Rico","Tailings traveled 27 km downstream, 125 people lost their lives, 500 homes were destroyed. Property and highway damage exceeded $65 million",Strat,Coal,,,,,,,
3,"Galena Mine, Idaho, USA #1 of 2 (ASARCO)",Ag Pb,US,E,14,,2A-ER,2,48,1972,1972,,,,ICOLD,,Vein,Ag Pb,,,,,,,
1,"Cities Service, Fort Meade, Florida,  phosphate",P,,,,,1A-U,1,31,1971,3/Dec/71,"9,000,000",120,,"WISE, Rico",,Strat,P,,,,,,,
1,"Certej gold mine, Romania",Au,,,25,,1A-SI,1,-,1971,30-oct-71,"300,000",,89,"Mining Watch Romania, 30Oct14;  Adev?rul, 14Oct10","43 years since the Certej gold mine dam failure, Mining Watch Romania, October 30, 2014; Certej 1971 forgotten tragedy of 89 lives buried under 300 thousand cubic meters of mud, Adev?rul, October 14, 2010",,Au,,,,,,,
3,"Pinchi Lake, BC, Canada",Hg,WR,E,13,,2A-ER,2,95,1971,1971,,,,ICOLD,,Vein-Strat,Hg,1.1,,,,1940,,
3,"Western Nuclear, Jeffrey City, Wyoming, USA",U,,,,,1A-ST,1,181,1971,1971,,,,ICOLD,,Strat,U,,,,,,,
1,"Mufulira, Zambia (Roan Consolidated Mines)",Cu,,,50,"1,000,000",1A-MS,1,88,1970,sep-70,"68,000",,89,"ICOLD, WISE",Saturated slime tailings deposited in a TSF #3 over subsidence feature flowed into an underground mine killing 89 miners.,SSC,Cu,612,3,,3,1967,50,
3,"Maggie Pye, United Kingdom, clay",Clay,US,T,18,,1A-SI,1,75,1970,Jan/70,"15,000",,,"ICOLD, WISE",,Strat,Clay,,,,,,,
3,"Park, United Kingdom",Clay,WR,T,3,,1A-OT,1,93,1970,1970,,,,ICOLD,,Strat,Clay,,,,,,,
3,"Portworthy, United Kingdom",Clay,DS,R,15,,1A-ST,1,97,1970,1970,,,,ICOLD,,Strat,Clay,,,,,,,
3,"Unidentified, Mississippi, USA",Gypsum,US,T,15,,1A-OT,1,152,1970,1970,,,,ICOLD,,Strat,Gypsum,,,,,,,
3,"Williamsport Washer, Maury County, Tennessee, USA",P,,,21,,1A-U,1,182,1970,1970,,,,ICOLD,,Strat,P,,,,,,,
2,"Bilbao, Spain",Fe,,,,,1A-SI,1,15,1969,1969,"115,000",0.035,?,"ICOLD, WISE",,,Fe,,,,,,,
3,"Monsanto Dike 15, TN,",P,DS,E,43,"1,230,000",2A-SE,2,86,1969,1969,,,,ICOLD,,Strat,P,,,,,,,
3,"Phoenix Copper, BC",Cu,US,,,,2A-SE,2,,1969,12-sep-69,"11,356",,,"Mt Polley Expert Panel 2015, App. I",Piping failure occurred 25 years after closure with a release of 9 million gallons of tailings and supernatant.,,Cu,,,,,,,
3,"Stoney Middleton, UK",?,,,,,1A-SI,1,217,1968,8-feb-68,,,,ICOLD,,,?,,,,,,,
3,"Hokkaido, Japan",Pb Zn,US,T,12,"300,000",1A-EQ,1,57,1968,1968,"90,000",0.15,,"ICOLD, WISE, Rico",,,Pb Zn,,,,,,,
3,"Agrico Chemical, Florida, USA",P,,,,,1A-U,1,1,1968,1968,,,,ICOLD,,Strat,P,,,,,,,
5,"IMC K-2, Saskatchewan, Canada",K,US,T,30,,3,3,60,1968,1968,,,,ICOLD,,Strat,K,,,,,,,
3,"Climax, Colorado, USA - Mill (Climax Molybdenum Co)",Mo,,,,,1A-U,1,33,1967,2-jul-67,"12,000",,,ICOLD,Mill decommissioned in 1970,,Mo,,,,,,,
1,"Mobil Chemical, Fort Meade, Florida,  phosphate",P,,,,,1A,1,83,1967,mar-67,"2,000,000",,,"ICOLD, WISE","250,000 m3 of phosphatic clay slimes, 1.8 million m3 of water.  Spill reaches Peace River, fish kill reported",Strat,P,,,,,,,
3,"Unidentified, United Kingdom",Coal,DS,,20,,1A-SI,1,144,1967,1967,,,,ICOLD,,Strat,Coal,,,,,,,
3,"Unidentified, United Kingdom #3",Coal,DS,MW,14,,2A-SI,2,145,1967,1967,,,,ICOLD,,Strat,Coal,,,,,,,
3,"Unidentified, United Kingdom #2",Sand,DS,E,30,,2A-SE,2,146,1967,1967,,,,ICOLD,,Strat,Sand,,,,,,,
5,"Aberfan, South Wales Colliery",Coal,,,,"230,000",3,3,,1966,21-oct-66,"162,000",,144,"Blight & Fourie, 2004; WISE; Wikipedia","Coal tip (waste rock pile) failure. Waste dumped over spring on hillside above village in Tips;  a Tip failed in 1939 burying a road, Tip 4 failed in 1944, Tip 7 failed in 1966 and slid into village ",Strat,Coal,,,,,1869,,
1,"Mir mine, Sgorigrad, Bulgaria",Pb Zn,US,T,,,1A-U,1,81,1966,may-66,"450,000",8,488,"ICOLD, WISE","Tailings wave traveled 8 km to the city of Vratza and destroyed half of Sgorigrad village 1 km downstream, killing 488 people.",,Pb Zn,,,,,,,
3,"Williamthorpe, UK",Coal,,MW,,,1A-OT,1,183,1966,24-mar-66,,,,ICOLD,,Strat,Coal,,,,,,,
2,"Unidentified, Texas, USA",Gypsum,US,T,16,,1A-SE,1,154,1966,1966,"130,000",,,"ICOLD, WISE",,Strat,Gypsum,,,,,,,
3,"Gypsum Tailings Dam (Texas, USA)",Gypsum,UP,,11,"7,000,000",1A-SE,1,,1966,1966,"85,000",0.3,,"Rico, WISE","Summary of Research on Analyses of Flow Failures of Mine Tailings Impoundments, J. K. Jeyapalan, J. M. Duncan, and H. B. Seed",Strat,Gypsum,,,,,,,
3,"Derbyshire, United Kingdom",Coal,DS,,8,,1B-FN,1,38,1966,1966,"30,000",0.1,,ICOLD,,Strat,Coal,,,,,,,
3,"Williamthorpe, UK #2",Coal,,,,,1A-FN,1,216,1966,1966,,,,ICOLD,,Strat,Coal,,,,,,,
3,"Tymawr, United Kindom Inc#2",Coal,,,12,,1A-OT,1,125,1965,29-mar-65,,0.7,,"ICOLD, WISE",,Strat,Coal,,,,,,,
3,"Tymawr, United Kingdon",Coal,,,,,1A-OT,1,124,1965,29-mar-65,,0.8,,ICOLD,,Strat,Coal,,,,,,,
1,El Cobre Old Dam,Cu,US,T,35,"4,250,000",1A-EQ,1,45,1965,28-mar-65,"1,900,000",12,>200,"ICOLD, WISE, Rico","The talings failures of March 28, 1965, were from La Ligua, Chile, earthquake.  This accounts for a sigificant part of the large number of earthquakes in the period of 1960-1970.  About half of the failed dams  were abandoned, and half were lecated at operating mines. (see Villavicencio et al, 2014)",HT Manto,Cu,580,1.1,,1.1,19th c,20,Py
2,El Cobre New Dam,Cu,DS,CST,19,"350,000",1A-EQ,1,43,1965,28-mar-65,"350,000",12,,"ICOLD, WISE","The talings failures of March 28, 1965, were from La Ligua, Chile, earthquake.  This accounts for a sigificant part of the large number of earthquakes in the period of 1960-1970.  About half of the failed dams  were abandoned, and half were lecated at operating mines. (see Villavicencio et al, 2014)",HT Manto,Cu,580,1.1,,1.1,19th c,20,Py
3,"Bellavista, Chile",Cu,US,T,20,"450,000",1A-EQ,1,12,1965,28-mar-65,"70,000",0.8,,ICOLD,"The talings failures of March 28, 1965, were from La Ligua, Chile, earthquake.  This accounts for a sigificant part of the large number of earthquakes in the period of 1960-1970.  About half of the failed dams  were abandoned, and half were lecated at operating mines. (see Villavicencio et al, 2014)",HT Manto,Cu,580,1.1,,1.1,19th c,20,Py
3,"Cerro Blanco de Polpaico, Chile",Limestone,WR,R,9,,2A-EQ,2,26,1965,28-mar-65,,,,ICOLD,"The talings failures of March 28, 1965, were from La Ligua, Chile, earthquake.  This accounts for a sigificant part of the large number of earthquakes in the period of 1960-1970.  About half of the failed dams  were abandoned, and half were lecated at operating mines. (see Villavicencio et al, 2014)",Strat,Limestone,,,,,,,
3,"El Cerrado, Chile",Cu,US,T,25,,2B-EQ,2,42,1965,28-mar-65,,,,ICOLD,"The talings failures of March 28, 1965, were from La Ligua, Chile, earthquake.  This accounts for a sigificant part of the large number of earthquakes in the period of 1960-1970.  About half of the failed dams  were abandoned, and half were lecated at operating mines. (see Villavicencio et al, 2014)",,Cu,,,,,,,
3,"Hierro Viejo, Chile",Cu,US,T,5,,1A-EQ,1,55,1965,28-mar-65,800,1,,ICOLD,"The talings failures of March 28, 1965, were from La Ligua, Chile, earthquake.  This accounts for a sigificant part of the large number of earthquakes in the period of 1960-1970.  About half of the failed dams  were abandoned, and half were lecated at operating mines. (see Villavicencio et al, 2014)",,Cu,,,,,,,
3,"La Patagua New Dam, Chile (La Patagua - private)",Cu,US,T,15,,1A-EQ,1,69,1965,28-mar-65,"35,000",5,,"ICOLD, Rico","The talings failures of March 28, 1965, were from La Ligua, Chile, earthquake.  This accounts for a sigificant part of the large number of earthquakes in the period of 1960-1970.  About half of the failed dams  were abandoned, and half were lecated at operating mines. (see Villavicencio et al, 2014)",,Cu,,,,,,,
3,Los Maquis No. 1,Cu,US,T,15,,2B-EQ,2,70,1965,28-mar-65,,,,ICOLD,"The talings failures of March 28, 1965, were from La Ligua, Chile, earthquake.  This accounts for a sigificant part of the large number of earthquakes in the period of 1960-1970.  About half of the failed dams  were abandoned, and half were lecated at operating mines. (see Villavicencio et al, 2014)",,Cu,,,,,,,
3,Los Maquis No. 3,Cu,US,,15,"43,000",1A-EQ,1,71,1965,28-mar-65,"21,000",5,,"ICOLD, Rico","The talings failures of March 28, 1965, were from La Ligua, Chile, earthquake.  This accounts for a sigificant part of the large number of earthquakes in the period of 1960-1970.  About half of the failed dams  were abandoned, and half were lecated at operating mines. (see Villavicencio et al, 2014)",,Cu,,,,,,,
3,"Ramayana No. 1, Chile",Cu,US,T,5,,1A-EQ,1,99,1965,28-mar-65,150,,,ICOLD,"The talings failures of March 28, 1965, were from La Ligua, Chile, earthquake.  This accounts for a sigificant part of the large number of earthquakes in the period of 1960-1970.  About half of the failed dams  were abandoned, and half were lecated at operating mines. (see Villavicencio et al, 2014)",,Cu,,,,,,,
3,"Sauce No. 1, Chile",Cu,US,T,6,,2A-EQ,2,104,1965,28-mar-65,,,,ICOLD,"The talings failures of March 28, 1965, were from La Ligua, Chile, earthquake.  This accounts for a sigificant part of the large number of earthquakes in the period of 1960-1970.  About half of the failed dams  were abandoned, and half were lecated at operating mines. (see Villavicencio et al, 2014)",,Cu,,,,,,,
3,"Sauce No. 2, Chile",Cu,US,T,5,,2B-EQ,2,105,1965,28-mar-65,,,,ICOLD,"The talings failures of March 28, 1965, were from La Ligua, Chile, earthquake.  This accounts for a sigificant part of the large number of earthquakes in the period of 1960-1970.  About half of the failed dams  were abandoned, and half were lecated at operating mines. (see Villavicencio et al, 2014)",,Cu,,,,,,,
3,"Sauce No. 3, Chile",Cu,US,,5,,2B-EQ,2,106,1965,28-mar-65,,,,ICOLD,"The talings failures of March 28, 1965, were from La Ligua, Chile, earthquake.  This accounts for a sigificant part of the large number of earthquakes in the period of 1960-1970.  About half of the failed dams  were abandoned, and half were lecated at operating mines. (see Villavicencio et al, 2014)",,Cu,,,,,,,
3,"Sauce No. 4, Chile",Cu,US,T,5,,2B-EQ,2,107,1965,28-mar-65,,,,ICOLD,"The talings failures of March 28, 1965, were from La Ligua, Chile, earthquake.  This accounts for a sigificant part of the large number of earthquakes in the period of 1960-1970.  About half of the failed dams  were abandoned, and half were lecated at operating mines. (see Villavicencio et al, 2014)",,Cu,,,,,,,
3,"American Cyanamid, Florida #2",P,,,,,1A-U,1,4,1965,1965,,,,ICOLD,,Strat,P,,,,,,,
3,Cerro Negro No. (1 of 5),Cu,US,T,46,,2B-EQ,2,27,1965,1965,,,,ICOLD,Cracking due to EQ,,Cu,,,,,,,
3,Cerro Negro No. (2 of 5),Cu,US,T,46,,2B-EQ,2,28,1965,1965,,,,ICOLD,Cracking due to EQ,,Cu,,,,,,,
3,Cerro Negro No. (3 of 5),Cu,US,T,20,"500,000",1A-EQ,1,29,1965,1965,"85,000",5,,"ICOLD, WISE, Rico",dam failied due to EQ,,Cu,,,,,,,
3,El Cobre Small Dam - El Soldado (Penarroya),Cu,US,T,26,"985,000",2B-EQ,2,46,1965,1965,,,,ICOLD,,HT Manto,Cu,580,1.1,,1.1,21st c,22,Py
3,"N'yukka Creek, USSR",?,WR,E,12,,2A-FN,2,89,1965,1965,,,,ICOLD,,,?,,,,,,,
3,"Unidentified, Idaho, USA",P,DS,E,18,,2A-SI,2,150,1965,1965,,,,ICOLD,,Strat,P,,,,,,,
3,"Alcoa, Texas, USA",Al,,,19,"4,500,000",1A-U,1,2,1964,oct-64,,,,ICOLD,,,Al,,,,,,,
3,"Utah Construction, Riverton, Wyoming, USA",U,,,,,2A-OT,2,174,1963,16-jun-63,,,,ICOLD,,,U,,,,,,,
3,"Mines Development, Edgemont, South Dakota, USA",U,,,,,1A-U,1,80,1962,11-jun-62,100,,,ICOLD,,,U,,,,,,,
1,"Huogudu, Yunnan Tin Group Co., Yunnan",Sn,US,,,,1A-U,1,,1962,1962,"3,300,000",4.5,171,Wei,,,Sn,,,,,,,
1,"American Cyanamid, Florida",Gypsum,,,,,1A-U,1,3,1962,1962,"11,356,230",,,ICOLD; Beavers 2013.,"A gypsum stack dike break occurred at American Cyanamid Phosphate Complex in Brewster, Florida.  Approximately 3 billion gallons of process water were released into Hooker's Prairie.  The water was contained and limed on-site before the water was discharged into the South Prong of the Alafia River.  (An Overview of Phosphate Mining and Reclamation in Florida, Casey Beavers, University of Florida thesis, April 2013)",Strat,Gypsum,,,,,,,
3,"Unidentified, Peru",?,,,,,1A-EQ,1,135,1962,1962,,,,ICOLD,,,?,,,,,,,
3,"Union Carbide, Maybell, Colorado, USA",U,,,,,1A-U,1,171,1961,6/Dec/61,280,,,ICOLD,,,U,,,,,,,
3,"Tymawr, United Kingdon",Coal,,,,,1A-U,1,124,1961,Dec/61,,0.7,,ICOLD,,Strat,Coal,,,,,,,
5,"Jupille, Belgium",Coal,,,,,3,3,,1961,1961,,,11,"Blight & Fourie, 2004","Cause - Fly ash dum faulure due to removal of toe support of dump. 11 deaths, houses destroyed.",Strat,Coal,,,,,,,
3,"Lower Indian Creek, MO, USA",Pb,US,E,,,2A-SI,2,72,1960,1960,,,,ICOLD,,,Pb,,,,,,,
3,"Union Carbide, Green River, Utah, USA",U,,,,,1A-OT,1,170,1959,19/Aug/59,"8,400",,,ICOLD,,,U,,,,,,,
3,"Grootvlei, South Africa",Au,US,T,,,1A-SI,1,54,1956,1956,,,,ICOLD,,Wits,Au,,,,,,,
3,"Unidentified, Peace River, Florida, USA 3/52",P,WR,E,8,,1A-SI,1,165,1952,mar-52,,,,ICOLD,,Strat,P,,,,,,,
3,"Unidentified, Alfaria River, Florida, USA 2/52",P,WR,E,8,,1A-SI,1,156,1952,feb-52,,,,ICOLD,,Strat,P,,,,,,,
3,"Unidentified, Peace River, Florida, USA 9/51",P,WR,MW,6,,1A-SE,1,167,1951,sep-51,,,,ICOLD,,Strat,P,,,,,,,
3,"Unidentified, Peace River, Florida 7/51",P,WR,MW,30,,1A-SE,1,166,1951,jul-51,,,,ICOLD,,Strat,P,,,,,,,
3,"Unidentified, Peace River, Florida, USA 2/51",P,DS,E,,,1A-SE,1,168,1951,feb-51,,,,ICOLD,,Strat,P,,,,,,,
1,"Sullivan Mine, Kimberley, BC, Canada",Pb Zn,US,T,,,1A-SI,1,66,1948,1948,"1,100,000",,,ICOLD,,VMS,Pb Zn,170,,,5.693021381,1909,60,PY
2,"Castle Dome, Arizona, USA",Cu,US,T,,,1A-SE,1,25,1947,29-sep-47,"150,000",0.1,,ICOLD,,PCD,Cu,1400,0.33,0.04,0.362083742,1947,25,Py
3,"Hollinger, Canada",Au,US,T,15,,1A-FN,1,58,1944,1944,,,,ICOLD,,Vein,Au,,,,,,,Py
3,"Captains Flat Dump 3, Australia",Cu,,T,,,1A-U,1,20,1942,1942,"40,000",,,ICOLD,,,Cu,4,,,,1882,,PY
3,"Kennecott, Utah, USA",Cu,US,T,,,1A-FN,1,63,1942,1942,,,,ICOLD,,PCD,Cu,3500,0.75,0.35,1.21073274,1865,400,Py
3,"Kennecott, Garfield, Utah, USA",Cu,US,T,,,1A-SI,1,62,1941,1941,,,,ICOLD,,PCD,Cu,3500,0.75,0.35,1.21073274,1865,370,Py
3,"St. Joe Lead, Flat Missouri, USA",Pb,US,T,15,,1A-OT,1,115,1940,1940,,,,ICOLD,,,Pb,,,,,,,
3,"Captains Flat Dump 6A, Australia",Cu,US,T,,,1A-SI,1,21,1939,1939,,,,ICOLD,,,Cu,4,,,,1882,,PY
1,"Los Cedros, Tlalpujahua, Michoacán, México",Au Ag,US,T,,"9,200,000",1B-ST,1,,1937,27-may-37,"10,000,000",11,>300,"Macias et al, 2015","The 27 May 1937 catastrophic flow failure of gold tailings at Tlalpujahua, Michoacán, Mexico, J. L. Macías, P. Corona-Chávez, J. M. Sanchéz-Núñez, M. Martínez-Medina, V. H. Garduño-Monroy, L. Capra, F. García-Tenorio, and G. Cisneros-Máximo, Nat. Hazards Earth Syst. Sci., 15, 1069–1085, 2015, www.nat-hazards-earth-syst-sci.net/15/1069/2015/",,Au Ag,,,,,,,
3,"Simmer and Jack, South Africa",Au,US,T,,,1A-SI,1,110,1937,1937,,,,ICOLD,,Wits,Au,,,,,,,
1,"Barahona, Chile",Cu,US,CST,61,"20,000,000",1A-EQ,1,9,1928,oct-28,"2,800,000",,,ICOLD,,PCD,Cu,12000,1,,1,,35,Py
3,"Unidentified, South Africa",Au,,,,,1A-U,1,136,1917,1917,,,,ICOLD,,,Au,,,,,,,
2,"Agua Dulce, Sewell, VI Region, Rancagua, Chile",Cu,,,61,,1A-OT,1,,1915,15-jun-15,"180,000",,,Villavicencio,Strong rains and over?ow,PCD,Cu,12000,1,,1,,2.5,Py
 =====,,,,,,,,,,,,,,,,,,,,,,,,,
289,,,,,,,,,,,,,,,,,,,,,,,,,
